timestamp,datetime,type,description
1782846520,2026-06-30T14:08:40,message,1: +1-811-809-1408x4980
1782847401,2026-06-30T14:23:21,message,1: +1-811-809-1408x4980
1782848057,2026-06-30T14:34:17,message,0: +1-811-809-1408x4980
1782848066,2026-06-30T14:34:26,message,1: +1-811-809-1408x4980
1782848427,2026-06-30T14:40:27,message,1: +1-811-809-1408x4980
1782848911,2026-06-30T14:48:31,message,0: +1-811-809-1408x4980
1782849346,2026-06-30T14:55:46,message,0: +1-811-809-1408x4980
1782849431,2026-06-30T14:57:11,message,0: +1-811-809-1408x4980
1782850423,2026-06-30T15:13:43,message,0: +1-811-809-1408x4980
1782851282,2026-06-30T15:28:02,message,1: +1-811-809-1408x4980
1782851780,2026-06-30T15:36:20,message,0: +1-811-809-1408x4980
1782851866,2026-06-30T15:37:46,message,1: +1-811-809-1408x4980
1782852610,2026-06-30T15:50:10,message,0: +1-811-809-1408x4980
1782852650,2026-06-30T15:50:50,message,0: +1-811-809-1408x4980
1782854463,2026-06-30T16:21:03,message,1: +1-811-809-1408x4980
1782854538,2026-06-30T16:22:18,message,1: +1-811-809-1408x4980
1782854552,2026-06-30T16:22:32,message,0: +1-811-809-1408x4980
1782855182,2026-06-30T16:33:02,message,0: +1-811-809-1408x4980
1782856104,2026-06-30T16:48:24,message,0: +1-811-809-1408x4980
1782857510,2026-06-30T17:11:50,message,1: +1-811-809-1408x4980
1782857908,2026-06-30T17:18:28,message,0: +1-811-809-1408x4980
1783081869,2026-07-03T07:31:09,message,0: 750-291-8037x345
1783082308,2026-07-03T07:38:28,message,0: 750-291-8037x345
1783082557,2026-07-03T07:42:37,message,0: 750-291-8037x345
1783084106,2026-07-03T08:08:26,message,1: 750-291-8037x345
1783084696,2026-07-03T08:18:16,message,0: 750-291-8037x345
1783085285,2026-07-03T08:28:05,message,1: 750-291-8037x345
1783086072,2026-07-03T08:41:12,message,1: 750-291-8037x345
1783086454,2026-07-03T08:47:34,message,1: 750-291-8037x345
1783086659,2026-07-03T08:50:59,message,1: 750-291-8037x345
1783087457,2026-07-03T09:04:17,message,1: 750-291-8037x345
1783088302,2026-07-03T09:18:22,message,1: 750-291-8037x345
1783089037,2026-07-03T09:30:37,message,0: 750-291-8037x345
1783089061,2026-07-03T09:31:01,message,1: 750-291-8037x345
1783089595,2026-07-03T09:39:55,message,1: 750-291-8037x345
1783089765,2026-07-03T09:42:45,message,0: 750-291-8037x345
1783090223,2026-07-03T09:50:23,message,1: 750-291-8037x345
1783090705,2026-07-03T09:58:25,message,0: 750-291-8037x345
1783092542,2026-07-03T10:29:02,message,1: 750-291-8037x345
1783092630,2026-07-03T10:30:30,message,0: 750-291-8037x345
1783093732,2026-07-03T10:48:52,message,1: 750-291-8037x345
1783093898,2026-07-03T10:51:38,message,0: 750-291-8037x345
1783094065,2026-07-03T10:54:25,message,1: 750-291-8037x345
1783095494,2026-07-03T11:18:14,message,0: 750-291-8037x345
1783412634.773341,2026-07-07T03:23:54.773341,calendar,Compatible well-modulated encoding
1784014176.773341,2026-07-14T02:29:36.773341,calendar,Reduced bottom-line methodology
1784062954.773341,2026-07-14T16:02:34.773341,calendar,Re-contextualized mobile synergy
1784501189,2026-07-19T17:46:29,message,0: (628)507-8552x3223
1784501526,2026-07-19T17:52:06,message,1: (628)507-8552x3223
1784501826,2026-07-19T17:57:06,message,0: (628)507-8552x3223
1784502407,2026-07-19T18:06:47,message,0: (628)507-8552x3223
1784502870,2026-07-19T18:14:30,message,0: (628)507-8552x3223
1784503233,2026-07-19T18:20:33,message,1: (628)507-8552x3223
1784503746,2026-07-19T18:29:06,message,0: (628)507-8552x3223
1784503896,2026-07-19T18:31:36,message,0: (628)507-8552x3223
1784504041,2026-07-19T18:34:01,message,0: (628)507-8552x3223
1784507072,2026-07-19T19:24:32,message,0: (628)507-8552x3223
1784507399,2026-07-19T19:29:59,message,0: (628)507-8552x3223
1784507421,2026-07-19T19:30:21,message,1: (628)507-8552x3223
1784507547,2026-07-19T19:32:27,message,0: (628)507-8552x3223
1784509034,2026-07-19T19:57:14,message,0: (628)507-8552x3223
1784511546,2026-07-19T20:39:06,message,1: (628)507-8552x3223
1784512164,2026-07-19T20:49:24,message,0: (628)507-8552x3223
1784515156,2026-07-19T21:39:16,message,0: (628)507-8552x3223
1784515270,2026-07-19T21:41:10,message,1: (628)507-8552x3223
1784515391,2026-07-19T21:43:11,message,0: (628)507-8552x3223
1784609498.773341,2026-07-20T23:51:38.773341,calendar,Visionary well-modulated model
1785171001.773341,2026-07-27T11:50:01.773341,calendar,Self-enabling responsive analyzer
1785314664.777367,2026-07-29T03:44:24.777367,safari_visit,https://www.luna.com/
1785318547.777367,2026-07-29T04:49:07.777367,safari_visit,http://york.biz/
1785323685.777367,2026-07-29T06:14:45.777367,safari_visit,http://www.jones.net/
1785326105.777367,2026-07-29T06:55:05.777367,safari_visit,https://brown.net/
1785363457.777367,2026-07-29T17:17:37.777367,safari_visit,https://taylor.com/
1785407355.777367,2026-07-30T05:29:15.777367,safari_visit,http://www.davis-hodge.com/
1785418372.777367,2026-07-30T08:32:52.777367,safari_visit,http://www.payne-young.com/
1785458142.777367,2026-07-30T19:35:42.777367,safari_visit,http://johnson-jackson.com/
1785459981.777367,2026-07-30T20:06:21.777367,safari_visit,https://www.johnson-evans.com/
1785461911.773341,2026-07-30T20:38:31.773341,calendar,Total bi-directional encoding
1785465938.777367,2026-07-30T21:45:38.777367,safari_visit,http://www.smith-wells.com/
1785489084.777367,2026-07-31T04:11:24.777367,safari_visit,https://henson.biz/
1785489802.777367,2026-07-31T04:23:22.777367,safari_visit,http://www.collins-pitts.com/
1785490441.777367,2026-07-31T04:34:01.777367,safari_visit,http://colon.com/
1785505999.777367,2026-07-31T08:53:19.777367,safari_visit,http://www.jackson-green.org/
1785520330.777367,2026-07-31T12:52:10.777367,safari_visit,http://smith.com/
1785551657.777367,2026-07-31T21:34:17.777367,safari_visit,http://www.perez.com/
1785552405.777367,2026-07-31T21:46:45.777367,safari_visit,https://stone.net/
1785558427.777367,2026-07-31T23:27:07.777367,safari_visit,https://greene-miller.com/
1785568184.777367,2026-08-01T02:09:44.777367,safari_visit,https://hogan.com/
1785573003.777367,2026-08-01T03:30:03.777367,safari_visit,https://www.reed.com/
1785573705.777367,2026-08-01T03:41:45.777367,safari_visit,https://www.atkins.com/
1785598266.777367,2026-08-01T10:31:06.777367,safari_visit,https://gonzalez.net/
1785611000.777367,2026-08-01T14:03:20.777367,safari_visit,http://taylor-vasquez.org/
1785611062.777367,2026-08-01T14:04:22.777367,safari_visit,https://santana.net/
1785627217.777367,2026-08-01T18:33:37.777367,safari_visit,https://www.kelly-west.com/
1785630103.777367,2026-08-01T19:21:43.777367,safari_visit,https://www.cortez.net/
1785637422.773341,2026-08-01T21:23:42.773341,calendar,Focused 6thgeneration structure
1785651278.777367,2026-08-02T01:14:38.777367,safari_visit,http://www.nielsen-martin.com/
1785663142.777367,2026-08-02T04:32:22.777367,safari_visit,https://anderson.com/
1785681532.777367,2026-08-02T09:38:52.777367,safari_visit,http://wallace.com/
1785697703.777367,2026-08-02T14:08:23.777367,safari_visit,https://wilkins.net/
1785705382.777367,2026-08-02T16:16:22.777367,safari_visit,https://butler.org/
1785708182.777367,2026-08-02T17:03:02.777367,safari_visit,http://www.lucero.com/
1785720279.777367,2026-08-02T20:24:39.777367,safari_visit,https://nelson.net/
1785728434.777367,2026-08-02T22:40:34.777367,safari_visit,http://montes.com/
1785728913.777367,2026-08-02T22:48:33.777367,safari_visit,http://www.lopez-mckinney.com/
1785750886.777367,2026-08-03T04:54:46.777367,safari_visit,http://www.gomez-hartman.net/
1785765285.777367,2026-08-03T08:54:45.777367,safari_visit,https://sanchez.org/
1785777729.777367,2026-08-03T12:22:09.777367,safari_visit,http://www.sandoval.com/
1785782691.777367,2026-08-03T13:44:51.777367,safari_visit,http://miller-moore.net/
1785791828.777367,2026-08-03T16:17:08.777367,safari_visit,http://lara-martin.com/
1785795414.777367,2026-08-03T17:16:54.777367,safari_visit,https://silva-rice.com/
1785818577.777367,2026-08-03T23:42:57.777367,safari_visit,https://rose.org/
1785820727.777367,2026-08-04T00:18:47.777367,safari_visit,http://burch.com/
1785833216.777367,2026-08-04T03:46:56.777367,safari_visit,https://www.house.com/
1785862530.777367,2026-08-04T11:55:30.777367,safari_visit,http://thomas-howard.com/
1785895451.777367,2026-08-04T21:04:11.777367,safari_visit,http://berg-barnett.org/
1785900895.777367,2026-08-04T22:34:55.777367,safari_visit,http://www.allen.biz/
1785917784.777367,2026-08-05T03:16:24.777367,safari_visit,http://www.singh.com/
1785948907.777367,2026-08-05T11:55:07.777367,safari_visit,http://allen.com/
1785951017.777367,2026-08-05T12:30:17.777367,safari_visit,http://ellis.com/
1785951808.777367,2026-08-05T12:43:28.777367,safari_visit,https://www.gonzalez.org/
1785957964.777367,2026-08-05T14:26:04.777367,safari_visit,http://hoffman-walker.net/
1785964278.773341,2026-08-05T16:11:18.773341,calendar,Integrated impactful adapter
1785981172.777367,2026-08-05T20:52:52.777367,safari_visit,http://www.wilson.com/
1786015464.777367,2026-08-06T06:24:24.777367,safari_visit,http://santos.biz/
1786017364.777367,2026-08-06T06:56:04.777367,safari_visit,http://sharp.com/
1786023479.777367,2026-08-06T08:37:59.777367,safari_visit,http://keller.com/
1786023821.777367,2026-08-06T08:43:41.777367,safari_visit,https://harris.org/
1786037220.777367,2026-08-06T12:27:00.777367,safari_visit,http://cortez.com/
1786052845.777367,2026-08-06T16:47:25.777367,safari_visit,http://www.johnson-fitzpatrick.org/
1786098784.777367,2026-08-07T05:33:04.777367,safari_visit,https://scott.com/
1786105708.777367,2026-08-07T07:28:28.777367,safari_visit,http://www.nunez-lyons.org/
1786105767.777367,2026-08-07T07:29:27.777367,safari_visit,https://www.wilson-peters.com/
1786112773.777367,2026-08-07T09:26:13.777367,safari_visit,http://pearson.com/
1786117280.777367,2026-08-07T10:41:20.777367,safari_visit,http://reynolds.org/
1786134731.777367,2026-08-07T15:32:11.777367,safari_visit,https://brown.net/
1786166189.777367,2026-08-08T00:16:29.777367,safari_visit,http://davis.com/
1786170252.777367,2026-08-08T01:24:12.777367,safari_visit,http://harris.com/
1786170479.777367,2026-08-08T01:27:59.777367,safari_visit,http://www.griffin-blackwell.com/
1786204323.777367,2026-08-08T10:52:03.777367,safari_visit,http://www.clark-wallace.com/
1786239881,2026-08-08T20:44:41,message,0: 4569659354
1786239915,2026-08-08T20:45:15,message,0: 4569659354
1786242514,2026-08-08T21:28:34,message,1: 4569659354
1786242527,2026-08-08T21:28:47,message,0: 4569659354
1786242703,2026-08-08T21:31:43,message,0: 4569659354
1786243718,2026-08-08T21:48:38,message,1: 4569659354
1786245482,2026-08-08T22:18:02,message,1: 4569659354
1786246638,2026-08-08T22:37:18,message,1: 4569659354
1786246656,2026-08-08T22:37:36,message,0: 4569659354
1786246706,2026-08-08T22:38:26,message,0: 4569659354
1786247156,2026-08-08T22:45:56,message,1: 4569659354
1786247392,2026-08-08T22:49:52,message,1: 4569659354
1786248142,2026-08-08T23:02:22,message,0: 4569659354
1786248293,2026-08-08T23:04:53,message,1: 4569659354
1786248493,2026-08-08T23:08:13,message,0: 4569659354
1786249123,2026-08-08T23:18:43,message,0: 4569659354
1786249210,2026-08-08T23:20:10,message,1: 4569659354
1786249664,2026-08-08T23:27:44,message,0: 4569659354
1786250430,2026-08-08T23:40:30,message,1: 4569659354
1786250575,2026-08-08T23:42:55,message,1: 4569659354
1786251095,2026-08-08T23:51:35,message,1: 4569659354
1786251135,2026-08-08T23:52:15,message,1: 4569659354
1786251357,2026-08-08T23:55:57,message,0: 4569659354
1786252097,2026-08-09T00:08:17,message,1: 4569659354
1786260913.773341,2026-08-09T02:35:13.773341,calendar,Extended client-server projection
1786273982.777367,2026-08-09T06:13:02.777367,safari_visit,http://www.weaver.com/
1786315321.777367,2026-08-09T17:42:01.777367,safari_visit,https://kennedy-murphy.com/
1786321459.777367,2026-08-09T19:24:19.777367,safari_visit,http://potter.com/
1786323361.777367,2026-08-09T19:56:01.777367,safari_visit,https://evans.com/
1786328227.777367,2026-08-09T21:17:07.777367,safari_visit,http://graham.com/
1786358585.777367,2026-08-10T05:43:05.777367,safari_visit,https://cochran.biz/
1786361626.777367,2026-08-10T06:33:46.777367,safari_visit,https://www.robbins.biz/
1786375458,2026-08-10T10:24:18,message,1: 750-291-8037x345
1786378750,2026-08-10T11:19:10,message,1: 750-291-8037x345
1786380282,2026-08-10T11:44:42,message,0: 750-291-8037x345
1786380826,2026-08-10T11:53:46,message,1: 750-291-8037x345
1786381414,2026-08-10T12:03:34,message,0: 750-291-8037x345
1786382955,2026-08-10T12:29:15,message,1: 750-291-8037x345
1786383308,2026-08-10T12:35:08,message,1: 750-291-8037x345
1786384164,2026-08-10T12:49:24,message,0: 750-291-8037x345
1786386290.777367,2026-08-10T13:24:50.777367,safari_visit,https://www.hester-green.com/
1786392894.777367,2026-08-10T15:14:54.777367,safari_visit,https://robles.com/
1786414083.777367,2026-08-10T21:08:03.777367,safari_visit,http://wilson.biz/
1786414954.777367,2026-08-10T21:22:34.777367,safari_visit,https://smith.com/
1786445859.777367,2026-08-11T05:57:39.777367,safari_visit,https://www.cox-richmond.com/
1786463850.777367,2026-08-11T10:57:30.777367,safari_visit,http://joseph-thomas.info/
1786469963.777367,2026-08-11T12:39:23.777367,safari_visit,http://www.kennedy.com/
1786474101.777367,2026-08-11T13:48:21.777367,safari_visit,https://garcia.com/
1786494700.777367,2026-08-11T19:31:40.777367,safari_visit,https://www.reyes-huber.net/
1786515853.777367,2026-08-12T01:24:13.777367,safari_visit,https://www.alvarado.com/
1786518492.777367,2026-08-12T02:08:12.777367,safari_visit,http://williams-oliver.com/
1786527979.777367,2026-08-12T04:46:19.777367,safari_visit,https://williams.info/
1786532043.777367,2026-08-12T05:54:03.777367,safari_visit,https://www.smith-morton.net/
1786541976.777367,2026-08-12T08:39:36.777367,safari_visit,https://berry.com/
1786568367.777367,2026-08-12T15:59:27.777367,safari_visit,https://www.reyes-hernandez.com/
1786569848.777367,2026-08-12T16:24:08.777367,safari_visit,https://www.fletcher-cortez.com/
1786582295.777367,2026-08-12T19:51:35.777367,safari_visit,https://robinson-vega.biz/
1786594081.777367,2026-08-12T23:08:01.777367,safari_visit,http://clark.org/
1786599637.777367,2026-08-13T00:40:37.777367,safari_visit,https://hoover.com/
1786600147.777367,2026-08-13T00:49:07.777367,safari_visit,http://stewart.org/
1786607797.777367,2026-08-13T02:56:37.777367,safari_visit,http://johnston.com/
1786611317.777367,2026-08-13T03:55:17.777367,safari_visit,https://www.gonzales.info/
1786627072.777367,2026-08-13T08:17:52.777367,safari_visit,https://fields-hall.com/
1786662854.777367,2026-08-13T18:14:14.777367,safari_visit,http://www.fields.info/
1786665512.777367,2026-08-13T18:58:32.777367,safari_visit,http://daniel.org/
1786668208.777367,2026-08-13T19:43:28.777367,safari_visit,http://jackson-fry.com/
1786674820.777367,2026-08-13T21:33:40.777367,safari_visit,http://kelly.com/
1786688363.777367,2026-08-14T01:19:23.777367,safari_visit,http://douglas-williams.com/
1786694238.777367,2026-08-14T02:57:18.777367,safari_visit,https://www.williams-ortiz.com/
1786740140.777367,2026-08-14T15:42:20.777367,safari_visit,https://mendoza-patel.com/
1786741918.777367,2026-08-14T16:11:58.777367,safari_visit,http://figueroa.org/
1786750388.777367,2026-08-14T18:33:08.777367,safari_visit,http://www.dominguez-aguilar.com/
1786766272.777367,2026-08-14T22:57:52.777367,safari_visit,http://www.kim.com/
1786767474.777367,2026-08-14T23:17:54.777367,safari_visit,http://perry.info/
1786772230.777367,2026-08-15T00:37:10.777367,safari_visit,https://www.walker.net/
1786778614.777367,2026-08-15T02:23:34.777367,safari_visit,http://faulkner-everett.com/
1786794261.777367,2026-08-15T06:44:21.777367,safari_visit,https://jones.com/
1786799243.777367,2026-08-15T08:07:23.777367,safari_visit,https://www.orr.com/
1786802592.777367,2026-08-15T09:03:12.777367,safari_visit,http://www.castillo-roberts.com/
1786807446.777367,2026-08-15T10:24:06.777367,safari_visit,https://www.townsend-rivera.net/
1786821159.777367,2026-08-15T14:12:39.777367,safari_visit,http://www.russell.com/
1786834832.777367,2026-08-15T18:00:32.777367,safari_visit,https://garza.net/
1786844437.777367,2026-08-15T20:40:37.777367,safari_visit,https://sullivan.org/
1786851005.777367,2026-08-15T22:30:05.777367,safari_visit,http://clark-johnson.biz/
1786856142.777367,2026-08-15T23:55:42.777367,safari_visit,http://www.miller.com/
1786876861.777367,2026-08-16T05:41:01.777367,safari_visit,https://www.miller-gonzalez.com/
1786883691.777367,2026-08-16T07:34:51.777367,safari_visit,https://douglas.com/
1786887996.777367,2026-08-16T08:46:36.777367,safari_visit,https://www.goodwin.biz/
1786901779.777367,2026-08-16T12:36:19.777367,safari_visit,http://www.merritt.org/
1786904884.777367,2026-08-16T13:28:04.777367,safari_visit,http://garcia.org/
1786908327.777367,2026-08-16T14:25:27.777367,safari_visit,http://www.barnes-hoover.com/
1786909519.777367,2026-08-16T14:45:19.777367,safari_visit,http://raymond-torres.com/
1786914632.777367,2026-08-16T16:10:32.777367,safari_visit,https://www.lee.com/
1786917737.777367,2026-08-16T17:02:17.777367,safari_visit,https://www.yates-young.org/
1786947428.777367,2026-08-17T01:17:08.777367,safari_visit,https://www.cox.com/
1786999726.773341,2026-08-17T15:48:46.773341,calendar,Re-contextualized homogeneous open architecture
1787011049.777367,2026-08-17T18:57:29.777367,safari_visit,http://rogers.com/
1787014304.777367,2026-08-17T19:51:44.777367,safari_visit,https://hughes.biz/
1787017153.777367,2026-08-17T20:39:13.777367,safari_visit,http://swanson-wiggins.com/
1787021322.777367,2026-08-17T21:48:42.777367,safari_visit,http://evans.info/
1787031145.777367,2026-08-18T00:32:25.777367,safari_visit,https://wong.biz/
1787033949.777367,2026-08-18T01:19:09.777367,safari_visit,http://www.adams-gilbert.com/
1787050778.777367,2026-08-18T05:59:38.777367,safari_visit,http://burns.info/
1787051252.777367,2026-08-18T06:07:32.777367,safari_visit,http://www.turner.com/
1787056271.777367,2026-08-18T07:31:11.777367,safari_visit,https://brown.com/
1787060876.777367,2026-08-18T08:47:56.777367,safari_visit,http://jones-nunez.net/
1787064974.777367,2026-08-18T09:56:14.777367,safari_visit,http://www.blackwell-ibarra.com/
1787068619.777367,2026-08-18T10:56:59.777367,safari_visit,http://curtis.net/
1787070061.777367,2026-08-18T11:21:01.777367,safari_visit,http://www.lang-mullen.com/
1787096979.777367,2026-08-18T18:49:39.777367,safari_visit,http://bond.com/
1787114016.777367,2026-08-18T23:33:36.777367,safari_visit,https://www.novak-rodriguez.com/
1787122643.777367,2026-08-19T01:57:23.777367,safari_visit,http://clark-reynolds.com/
1787126610.777367,2026-08-19T03:03:30.777367,safari_visit,http://bennett.com/
1787127734.777367,2026-08-19T03:22:14.777367,safari_visit,http://fisher.org/
1787134870.777367,2026-08-19T05:21:10.777367,safari_visit,https://www.perez.info/
1787153576.777367,2026-08-19T10:32:56.777367,safari_visit,https://www.marks-reyes.org/
1787159576.777367,2026-08-19T12:12:56.777367,safari_visit,https://www.lowe.biz/
1787174930.777367,2026-08-19T16:28:50.777367,safari_visit,http://www.garcia.net/
1787183382.777367,2026-08-19T18:49:42.777367,safari_visit,http://daniels-jimenez.com/
1787186897,2026-08-19T19:48:17,message,1: 204.740.3166
1787187217,2026-08-19T19:53:37,message,0: 204.740.3166
1787188165,2026-08-19T20:09:25,message,0: 204.740.3166
1787189625,2026-08-19T20:33:45,message,1: 204.740.3166
1787190495,2026-08-19T20:48:15,message,0: 204.740.3166
1787190778,2026-08-19T20:52:58,message,0: 204.740.3166
1787190805,2026-08-19T20:53:25,message,0: 204.740.3166
1787191168,2026-08-19T20:59:28,message,1: 204.740.3166
1787192354,2026-08-19T21:19:14,message,0: 204.740.3166
1787193799,2026-08-19T21:43:19,message,0: 204.740.3166
1787194228,2026-08-19T21:50:28,message,1: 204.740.3166
1787195503,2026-08-19T22:11:43,message,1: 204.740.3166
1787196388,2026-08-19T22:26:28,message,0: 204.740.3166
1787196830,2026-08-19T22:33:50,message,0: 204.740.3166
1787196974,2026-08-19T22:36:14,message,1: 204.740.3166
1787198739,2026-08-19T23:05:39,message,0: 204.740.3166
1787213859.777367,2026-08-20T03:17:39.777367,safari_visit,https://lawrence.org/
1787216640.777367,2026-08-20T04:04:00.777367,safari_visit,https://contreras.com/
1787219808.777367,2026-08-20T04:56:48.777367,safari_visit,https://scott.com/
1787222577.777367,2026-08-20T05:42:57.777367,safari_visit,https://www.koch.org/
1787239881.777367,2026-08-20T10:31:21.777367,safari_visit,http://baker-spencer.com/
1787269796.777367,2026-08-20T18:49:56.777367,safari_visit,http://www.proctor.com/
1787276146.777367,2026-08-20T20:35:46.777367,safari_visit,https://villarreal.com/
1787312264.777367,2026-08-21T06:37:44.777367,safari_visit,http://www.martin-stevens.biz/
1787322191.777367,2026-08-21T09:23:11.777367,safari_visit,https://www.kaufman.com/
1787338229.777367,2026-08-21T13:50:29.777367,safari_visit,http://www.anderson.com/
1787343576.777367,2026-08-21T15:19:36.777367,safari_visit,http://www.ortiz-knox.com/
1787347317.777367,2026-08-21T16:21:57.777367,safari_visit,https://perez.net/
1787379255.777367,2026-08-22T01:14:15.777367,safari_visit,http://www.lewis.com/
1787384636.777367,2026-08-22T02:43:56.777367,safari_visit,https://mata-lewis.biz/
1787405218.777367,2026-08-22T08:26:58.777367,safari_visit,https://www.roberts.net/
1787418232.777367,2026-08-22T12:03:52.777367,safari_visit,https://www.stephens.biz/
1787427278.777367,2026-08-22T14:34:38.777367,safari_visit,https://robinson-hale.com/
1787453688.777367,2026-08-22T21:54:48.777367,safari_visit,http://www.tran.com/
1787460691.777367,2026-08-22T23:51:31.777367,safari_visit,https://smith-hardy.net/
1787467398.777367,2026-08-23T01:43:18.777367,safari_visit,https://www.galloway.org/
1787471169.777367,2026-08-23T02:46:09.777367,safari_visit,https://anderson.com/
1787492702.777367,2026-08-23T08:45:02.777367,safari_visit,https://www.tucker.com/
1787496141.777367,2026-08-23T09:42:21.777367,safari_visit,https://www.garza.com/
1787528135.777367,2026-08-23T18:35:35.777367,safari_visit,https://white.com/
1787543123.777367,2026-08-23T22:45:23.777367,safari_visit,https://baxter-walker.com/
1787567406.777367,2026-08-24T05:30:06.777367,safari_visit,http://campbell.com/
1787575836.777367,2026-08-24T07:50:36.777367,safari_visit,http://mccarthy.net/
1787620907.777367,2026-08-24T20:21:47.777367,safari_visit,https://mcdonald.com/
1787623538.777367,2026-08-24T21:05:38.777367,safari_visit,https://www.hart-mahoney.com/
1787624046.777367,2026-08-24T21:14:06.777367,safari_visit,http://www.warner.info/
1787631676.777367,2026-08-24T23:21:16.777367,safari_visit,https://daniel.com/
1787633951.777367,2026-08-24T23:59:11.777367,safari_visit,http://www.weber-andrews.net/
1787637391.777367,2026-08-25T00:56:31.777367,safari_visit,http://christian.com/
1787641246.777367,2026-08-25T02:00:46.777367,safari_visit,http://www.bennett-chang.info/
1787651866.777367,2026-08-25T04:57:46.777367,safari_visit,http://garza-mcmillan.net/
1787658220.777367,2026-08-25T06:43:40.777367,safari_visit,http://www.roberts-miller.org/
1787690018.777367,2026-08-25T15:33:38.777367,safari_visit,http://www.holt.net/
1787713905,2026-08-25T22:11:45,message,0: 204.740.3166
1787714091,2026-08-25T22:14:51,message,0: 204.740.3166
1787715852,2026-08-25T22:44:12,message,0: 204.740.3166
1787717044,2026-08-25T23:04:04,message,1: 204.740.3166
1787717702,2026-08-25T23:15:02,message,0: 204.740.3166
1787718065,2026-08-25T23:21:05,message,0: 204.740.3166
1787718570,2026-08-25T23:29:30,message,0: 204.740.3166
1787719300,2026-08-25T23:41:40,message,1: 204.740.3166
1787719411,2026-08-25T23:43:31,message,0: 204.740.3166
1787719416,2026-08-25T23:43:36,message,1: 204.740.3166
1787719749,2026-08-25T23:49:09,message,1: 204.740.3166
1787719799,2026-08-25T23:49:59,message,1: 204.740.3166
1787724214,2026-08-26T01:03:34,message,0: 204.740.3166
1787724921,2026-08-26T01:15:21,message,0: 204.740.3166
1787726417,2026-08-26T01:40:17,message,0: 204.740.3166
1787726565,2026-08-26T01:42:45,message,0: 204.740.3166
1787728003,2026-08-26T02:06:43,message,0: 204.740.3166
1787732150.777367,2026-08-26T03:15:50.777367,safari_visit,https://www.west.net/
1787755657.777367,2026-08-26T09:47:37.777367,safari_visit,https://www.guerrero.info/
1787769933.777367,2026-08-26T13:45:33.777367,safari_visit,http://www.clark.info/
1787787499.777367,2026-08-26T18:38:19.777367,safari_visit,https://www.hines-salas.com/
1787810823.777367,2026-08-27T01:07:03.777367,safari_visit,http://www.smith-castillo.com/
1787811017,2026-08-27T01:10:17,message,1: +1-725-773-6613x7775
1787811179,2026-08-27T01:12:59,message,0: +1-725-773-6613x7775
1787812209,2026-08-27T01:30:09,message,0: +1-725-773-6613x7775
1787812990.777367,2026-08-27T01:43:10.777367,safari_visit,https://www.rivera.com/
1787813224,2026-08-27T01:47:04,message,0: +1-725-773-6613x7775
1787813823,2026-08-27T01:57:03,message,0: +1-725-773-6613x7775
1787814185.777367,2026-08-27T02:03:05.777367,safari_visit,https://www.lane-richardson.com/
1787814511,2026-08-27T02:08:31,message,1: +1-725-773-6613x7775
1787814840.777367,2026-08-27T02:14:00.777367,safari_visit,https://rush.info/
1787815905.777367,2026-08-27T02:31:45.777367,safari_visit,http://www.morrison.com/
1787816632,2026-08-27T02:43:52,message,1: +1-725-773-6613x7775
1787816729,2026-08-27T02:45:29,message,0: +1-725-773-6613x7775
1787816837,2026-08-27T02:47:17,message,0: +1-725-773-6613x7775
1787817001,2026-08-27T02:50:01,message,1: +1-725-773-6613x7775
1787817039,2026-08-27T02:50:39,message,0: +1-725-773-6613x7775
1787817820,2026-08-27T03:03:40,message,1: +1-725-773-6613x7775
1787818812,2026-08-27T03:20:12,message,0: +1-725-773-6613x7775
1787819014,2026-08-27T03:23:34,message,0: +1-725-773-6613x7775
1787819866,2026-08-27T03:37:46,message,0: +1-725-773-6613x7775
1787820755,2026-08-27T03:52:35,message,1: +1-725-773-6613x7775
1787823494,2026-08-27T04:38:14,message,0: +1-725-773-6613x7775
1788156318.773341,2026-08-31T01:05:18.773341,calendar,Enterprise-wide client-driven pricing structure
1788535183.773341,2026-09-04T10:19:43.773341,calendar,Programmable bottom-line contingency
1788601187.773341,2026-09-05T04:39:47.773341,calendar,Reactive fault-tolerant productivity
1789277173.773341,2026-09-13T00:26:13.773341,calendar,Proactive intermediate Internet solution
1789462374.773341,2026-09-15T03:52:54.773341,calendar,Innovative intermediate synergy
1789553571.773341,2026-09-16T05:12:51.773341,calendar,Right-sized holistic success
1790517175.773341,2026-09-27T08:52:55.773341,calendar,Business-focused content-based encryption
1790571772.773341,2026-09-28T00:02:52.773341,calendar,Right-sized context-sensitive attitude
1791093202.773341,2026-10-04T00:53:22.773341,calendar,Reactive stable middleware
1791109880.773341,2026-10-04T05:31:20.773341,calendar,Networked asynchronous array
1791760693.773341,2026-10-11T18:18:13.773341,calendar,Open-architected high-level service-desk
1792128385.773341,2026-10-16T00:26:25.773341,calendar,Business-focused secondary knowledge user
1792517602.773341,2026-10-20T12:33:22.773341,calendar,Multi-tiered full-range focus group
1793010219.773341,2026-10-26T05:23:39.773341,calendar,Managed motivating pricing structure
1793263112.773341,2026-10-29T03:38:32.773341,calendar,Optional stable capability
1795034779.773341,2026-11-18T14:46:19.773341,calendar,Streamlined human-resource open architecture
1795341863.773341,2026-11-22T04:04:23.773341,calendar,Ergonomic attitude-oriented parallelism
1795443466.773341,2026-11-23T08:17:46.773341,calendar,Right-sized tangible time-frame
1795831534.773341,2026-11-27T20:05:34.773341,calendar,Self-enabling didactic circuit
1796119079.773341,2026-12-01T03:57:59.773341,calendar,Fully-configurable needs-based synergy
1796535043.773341,2026-12-05T23:30:43.773341,calendar,Synergistic mobile initiative
1797831750.773341,2026-12-20T23:42:30.773341,calendar,Multi-channeled regional secured line
1797944283.773341,2026-12-22T06:58:03.773341,calendar,Optional foreground paradigm
1798162223.773341,2026-12-24T19:30:23.773341,calendar,Grass-roots actuating help-desk
1798779409.773341,2026-12-31T22:56:49.773341,calendar,Monitored clear-thinking policy
1799733905.773341,2027-01-12T00:05:05.773341,calendar,Visionary scalable service-desk
1800519505.773341,2027-01-21T02:18:25.773341,calendar,Persevering fresh-thinking collaboration
1802010457.773341,2027-02-07T08:27:37.773341,calendar,Integrated holistic collaboration
1802200479.773341,2027-02-09T13:14:39.773341,calendar,Object-based systemic parallelism
1802543354.773341,2027-02-13T12:29:14.773341,calendar,Automated bi-directional definition
